computer_time,GPS_time,latitude,longitude,altitude,track,mode
1648089767.689911,1648089744,71.328737,-156.692522333,4.0,0.0,3
1648089768.691668,1648089745,71.328736667,-156.692522667,3.9,0.0,3
1648089769.693578,1648089746,71.3287345,-156.692522333,4.0,0.0,3
1648089770.695539,1648089747,71.328734667,-156.692524333,3.7,0.0,3
1648089771.697755,1648089748,71.328735,-156.692528167,3.7,0.0,3
1648089772.700016,1648089749,71.328735333,-156.69253,3.7,0.0,3
1648089773.701982,1648089750,71.328735167,-156.692531,3.5,0.0,3
1648089774.704111,1648089751,71.328735667,-156.692533833,3.5,0.0,3
1648089775.706100,1648089752,71.328734833,-156.692534667,3.6,0.0,3
1648089776.708090,1648089753,71.328734333,-156.692534667,3.6,0.0,3
1648089777.710078,1648089754,71.328733833,-156.6925345,3.5,0.0,3
1648089778.712089,1648089755,71.3287335,-156.692534333,3.4,0.0,3
1648089779.713949,1648089756,71.3287335,-156.692534167,3.4,0.0,3
1648089780.715939,1648089757,71.328733,-156.692533833,3.3,0.0,3
1648089781.717910,1648089758,71.328733,-156.692534667,3.3,0.0,3
1648089782.720068,1648089759,71.328732667,-156.692535333,3.3,0.0,3
1648089783.722090,1648089760,71.328732333,-156.692535833,3.3,0.0,3
1648089784.724188,1648089761,71.328731833,-156.6925355,3.2,0.0,3
1648089785.726093,1648089762,71.328731667,-156.692534833,3.2,0.0,3
1648089786.728075,1648089763,71.328731667,-156.6925355,3.2,0.0,3
1648089787.730088,1648089764,71.328731667,-156.692536,3.2,0.0,3
1648089788.732202,1648089765,71.328732,-156.692536,3.1,0.0,3
1648089789.734165,1648089766,71.328732,-156.6925365,3.1,0.0,3
1648089790.736241,1648089767,71.328731833,-156.692536333,3.1,0.0,3
1648089791.762068,1648089768,71.3287315,-156.692536333,3.1,0.0,3
1648089792.664639,1648089769,71.328731579,-156.69253641,2.261,330.5224,3
1648089793.667246,1648089770,71.328731694,-156.692535821,2.225,341.5305,3
1648089794.670596,1648089771,71.3287315,-156.692535333,3.0,0.0,3
1648089795.673980,1648089772,71.328731667,-156.692534667,2.9,0.0,3
1648089796.676420,1648089773,71.328731667,-156.692534,2.8,0.0,3
1648089797.678541,1648089774,71.328731833,-156.692534,2.8,0.0,3
1648089798.680572,1648089775,71.328732167,-156.6925345,2.8,0.0,3
1648089799.682766,1648089776,71.3287325,-156.692535833,2.8,0.0,3
1648089800.684775,1648089777,71.3287325,-156.692537167,2.8,0.0,3
1648089801.687086,1648089778,71.3287325,-156.692538,2.9,0.0,3
1648089802.689349,1648089779,71.3287325,-156.6925385,2.9,0.0,3
1648089803.691233,1648089780,71.328732667,-156.692538333,2.9,0.0,3
1648089804.693030,1648089781,71.328732833,-156.692537167,2.8,0.0,3
1648089805.694978,1648089782,71.3287335,-156.692536,2.7,0.0,3
1648089806.696952,1648089783,71.3287335,-156.692534667,2.6,0.0,3
1648089807.698881,1648089784,71.328734,-156.692534667,2.5,0.0,3
1648089808.700734,1648089785,71.328734667,-156.692535,2.5,0.0,3
1648089809.702992,1648089786,71.328734667,-156.692535167,2.5,0.0,3
1648089810.704999,1648089787,71.328735,-156.692535,2.6,0.0,3
1648089811.706979,1648089788,71.328735,-156.692535,2.6,0.0,3
1648089812.708855,1648089789,71.328734833,-156.692535167,2.6,0.0,3
1648089813.710800,1648089790,71.328734667,-156.692534833,2.7,0.0,3
1648089814.712906,1648089791,71.328734667,-156.692535,2.7,0.0,3
1648089815.714851,1648089792,71.328734667,-156.692534833,2.7,0.0,3
1648089816.716874,1648089793,71.3287345,-156.6925345,2.6,0.0,3
1648089817.718985,1648089794,71.328733333,-156.6925315,2.5,0.0,3
1648089818.720881,1648089795,71.328733833,-156.692530667,2.5,0.0,3
1648089819.722934,1648089796,71.328734167,-156.692530833,2.3,0.0,3
1648089820.724877,1648089797,71.328734833,-156.692530667,2.3,0.0,3
1648089821.727087,1648089798,71.328734667,-156.69253,2.2,0.0,3
1648089822.729120,1648089799,71.328734333,-156.692529,2.2,0.0,3
1648089823.731269,1648089800,71.328734667,-156.692528667,2.2,0.0,3
1648089824.733247,1648089801,71.328734667,-156.692527833,2.2,0.0,3
1648089825.735341,1648089802,71.328734833,-156.692527333,2.3,0.0,3
1648089826.737729,1648089803,71.328734667,-156.692526667,2.3,0.0,3
1648089827.739968,1648089804,71.328735167,-156.692526667,2.2,0.0,3
1648089828.742259,1648089805,71.328735667,-156.692526667,2.2,0.0,3
1648089829.744448,1648089806,71.328736,-156.6925265,2.0,0.0,3
1648089830.746548,1648089807,71.328736333,-156.692526333,1.9,0.0,3
1648089831.648304,1648089808,71.328736647,-156.692526626,1.003,147.476,3
1648089832.750564,1648089809,71.3287365,-156.6925265,1.6,0.0,3
1648089833.753599,1648089810,71.328736833,-156.692526167,1.5,0.0,3
1648089834.655490,1648089811,71.328736721,-156.692526436,0.663,0.0,3
1648089835.657601,1648089812,71.328737,-156.6925265,1.4,0.0,3
1648089836.659537,1648089813,71.328737167,-156.692526333,1.4,0.0,3
1648089837.661525,1648089814,71.328737,-156.692526167,1.3,0.0,3
1648089838.729745,1648089815,71.328736833,-156.692525333,1.2,0.0,3
1648089839.732060,1648089816,71.328736333,-156.692524667,1.1,0.0,3
1648089840.734199,1648089817,71.328736,-156.692524167,1.0,0.0,3
1648089841.736481,1648089818,71.328735833,-156.692524,1.0,0.0,3
1648089842.738761,1648089819,71.328735833,-156.692523833,1.1,0.0,3
1648089843.741081,1648089820,71.328736667,-156.692524,1.3,0.0,3
1648089844.743170,1648089821,71.328736833,-156.692526667,1.4,0.0,3
1648089845.745498,1648089822,71.328736667,-156.6925285,1.5,0.0,3
1648089846.747575,1648089823,71.328736333,-156.692529667,1.3,0.0,3
1648089847.749658,1648089824,71.328736333,-156.6925305,1.2,0.0,3
1648089848.751837,1648089825,71.328735833,-156.692532333,1.3,0.0,3
1648089849.754064,1648089826,71.328735333,-156.6925325,1.3,0.0,3
1648089850.756256,1648089827,71.328734667,-156.692531667,1.3,0.0,3
1648089851.724410,1648089828,71.328734167,-156.692531167,1.1,0.0,3
1648089852.726386,1648089829,71.328733667,-156.692530667,0.9,0.0,3
1648089853.728335,1648089830,71.328733667,-156.692531167,0.8,0.0,3
1648089854.730397,1648089831,71.328733167,-156.692531,0.8,0.0,3
1648089855.732343,1648089832,71.3287325,-156.692531333,0.7,0.0,3
1648089856.734456,1648089833,71.328731,-156.692530333,0.6,0.0,3
1648089857.736605,1648089834,71.328730333,-156.6925295,0.6,0.0,3
1648089858.738710,1648089835,71.328730333,-156.6925295,0.6,0.0,3
1648089859.740970,1648089836,71.328730333,-156.692528667,0.6,0.0,3
1648089860.743328,1648089837,71.328729333,-156.6925285,0.6,0.0,3
1648089861.745286,1648089838,71.3287285,-156.692529167,0.8,0.0,3
1648089862.747526,1648089839,71.328727,-156.69253,0.9,0.0,3
1648089863.749612,1648089840,71.328726833,-156.692531167,1.1,0.0,3
1648089864.751571,1648089841,71.3287265,-156.692532,1.2,0.0,3
1648089865.753750,1648089842,71.328726,-156.692531667,1.3,0.0,3
1648089866.756700,1648089843,71.328725667,-156.6925315,1.4,0.0,3
1648089867.758923,1648089844,71.328725833,-156.692531,1.4,0.0,3
1648089868.761035,1648089845,71.328726167,-156.692531667,1.3,0.0,3
1648089869.763016,1648089846,71.328727667,-156.692533833,1.6,0.0,3
1648089870.765036,1648089847,71.328728,-156.692534167,1.8,0.0,3
1648089871.767012,1648089848,71.328728,-156.692533667,1.8,0.0,3
1648089872.768878,1648089849,71.3287275,-156.6925335,1.7,0.0,3
1648089873.770827,1648089850,71.328728833,-156.692532333,1.1,0.0,3
1648089874.772903,1648089851,71.328730667,-156.692532167,0.9,0.0,3
1648089875.775162,1648089852,71.328731667,-156.692530333,1.0,0.0,3
1648089876.777253,1648089853,71.328731667,-156.6925285,0.5,0.0,3
1648089877.779290,1648089854,71.328731833,-156.692527667,0.4,0.0,3
1648089878.781205,1648089855,71.328731333,-156.6925255,0.1,0.0,3
1648089879.682817,1648089856,71.328730693,-156.692524903,-0.778,163.1425,3
1648089880.784968,1648089857,71.328729833,-156.692524,-0.2,0.0,3
1648089881.787095,1648089858,71.328729167,-156.6925235,-0.2,0.0,3
1648089882.789096,1648089859,71.328728333,-156.692523833,-0.4,0.0,3
1648089883.690907,1648089860,71.328727907,-156.692524322,-1.295,198.3887,3
1648089884.693026,1648089861,71.328728167,-156.692526167,-0.7,0.0,3
1648089885.695045,1648089862,71.328728,-156.692526667,-0.7,0.0,3
1648089886.696981,1648089863,71.328727667,-156.692526833,-0.7,0.0,3
1648089887.698999,1648089864,71.328728,-156.692527,-0.7,0.0,3
1648089888.701030,1648089865,71.328728,-156.692526833,-0.7,0.0,3
1648089889.703141,1648089866,71.328728,-156.6925265,-0.7,0.0,3
1648089890.705062,1648089867,71.328728167,-156.692527,-0.7,0.0,3
1648089891.707818,1648089868,71.328728333,-156.692526833,-0.7,0.0,3
1648089892.709871,1648089869,71.328728,-156.692527,-0.9,0.0,3
1648089893.711995,1648089870,71.328728167,-156.692530167,-0.6,0.0,3
1648089894.780444,1648089871,71.3287295,-156.692531667,-0.5,0.0,3
1648089895.782443,1648089872,71.32873,-156.692534,-0.6,0.0,3
1648089896.784454,1648089873,71.328732,-156.692535333,-0.5,0.0,3
1648089897.786430,1648089874,71.328733,-156.692534667,-0.5,0.0,3
1648089898.688281,1648089875,71.328732833,-156.692533667,-0.6,0.0,3
1648089899.690650,1648089876,71.328732593,-156.692532191,-1.419,304.2022,3
1648089900.692578,1648089877,71.328732,-156.692531333,-0.7,0.0,3
1648089901.694723,1648089878,71.3287315,-156.6925295,-0.7,0.0,3
1648089902.696804,1648089879,71.328731167,-156.692527667,-0.6,0.0,3
1648089903.799137,1648089880,71.328732333,-156.692526167,-0.7,0.0,3
1648089904.801230,1648089881,71.328733,-156.692525833,-0.7,0.0,3
1648089905.803460,1648089882,71.3287335,-156.692524833,-0.7,0.0,3
1648089906.805664,1648089883,71.328734,-156.692524667,-0.7,0.0,3
1648089907.807768,1648089884,71.328734167,-156.692523333,-0.7,0.0,3
1648089908.809738,1648089885,71.328734333,-156.692522333,-0.8,0.0,3
1648089909.811757,1648089886,71.328734833,-156.6925225,-0.8,0.0,3
1648089910.813748,1648089887,71.328734833,-156.6925225,-0.8,0.0,3
1648089911.816007,1648089888,71.328734833,-156.692522333,-0.9,0.0,3
1648089912.818032,1648089889,71.328735,-156.6925225,-0.9,0.0,3
1648089913.820284,1648089890,71.328735167,-156.6925225,-1.0,0.0,3
1648089914.822426,1648089891,71.328735333,-156.6925225,-0.9,0.0,3
1648089915.824716,1648089892,71.3287355,-156.6925215,-0.9,0.0,3
1648089916.826848,1648089893,71.328735333,-156.692520667,-0.9,0.0,3
1648089917.829006,1648089894,71.328735167,-156.692519667,-1.0,0.0,3
1648089918.831096,1648089895,71.328735167,-156.6925195,-1.0,0.0,3
1648089919.732882,1648089896,71.328735355,-156.692520672,-1.756,14.68,3
1648089920.735027,1648089897,71.328735534,-156.692521332,-1.762,0.0,3
1648089921.737305,1648089898,71.328736,-156.692522333,-1.0,0.0,3
1648089922.739365,1648089899,71.328736333,-156.692523,-1.0,0.0,3
1648089923.741760,1648089900,71.328736411,-156.69252287,-1.785,0.0,3
1648089924.744177,1648089901,71.328736667,-156.692523333,-1.0,0.0,3
1648089925.746670,1648089902,71.328737,-156.692524333,-1.0,0.0,3
1648089926.748886,1648089903,71.328737333,-156.6925255,-1.0,0.0,3
1648089927.750846,1648089904,71.328737833,-156.692526,-1.0,0.0,3
1648089928.752887,1648089905,71.328738333,-156.692526667,-0.9,0.0,3
1648089929.754826,1648089906,71.328739,-156.692527667,-0.9,0.0,3
1648089930.756942,1648089907,71.328739333,-156.6925285,-0.9,0.0,3
1648089931.758933,1648089908,71.328739667,-156.6925295,-0.9,0.0,3
1648089932.761092,1648089909,71.328739833,-156.692529833,-0.9,0.0,3
1648089933.763215,1648089910,71.328739833,-156.6925305,-0.8,0.0,3
1648089934.765213,1648089911,71.328739833,-156.692530333,-0.8,0.0,3
1648089935.767258,1648089912,71.328739833,-156.6925305,-0.8,0.0,3
1648089936.769224,1648089913,71.328739667,-156.69253,-0.8,0.0,3
1648089937.771270,1648089914,71.3287395,-156.6925295,-0.8,0.0,3
1648089938.773258,1648089915,71.328739,-156.692529167,-0.9,0.0,3
1648089939.775265,1648089916,71.328738833,-156.692529167,-0.9,0.0,3
1648089940.777283,1648089917,71.328738667,-156.6925295,-0.9,0.0,3
1648089941.779377,1648089918,71.328738833,-156.692529833,-0.9,0.0,3
1648089942.781364,1648089919,71.3287385,-156.69253,-0.9,0.0,3
1648089943.783300,1648089920,71.328738167,-156.6925305,-0.9,0.0,3
1648089944.785398,1648089921,71.328737833,-156.692530333,-0.9,0.0,3
1648089945.787577,1648089922,71.328737333,-156.6925295,-0.9,0.0,3
1648089946.789450,1648089923,71.328737,-156.6925285,-0.9,0.0,3
1648089947.791580,1648089924,71.328737,-156.692528,-0.9,0.0,3
1648089948.793742,1648089925,71.328737,-156.692527833,-0.9,0.0,3
1648089949.795688,1648089926,71.328737,-156.692527667,-0.8,0.0,3
1648089950.797860,1648089927,71.328736833,-156.692526833,-0.9,0.0,3
1648089951.800088,1648089928,71.328736667,-156.6925265,-0.9,0.0,3
1648089952.802554,1648089929,71.328736667,-156.692526333,-0.8,0.0,3
1648089953.804686,1648089930,71.328736833,-156.692527,-0.8,0.0,3
1648089954.806934,1648089931,71.328737,-156.692527,-0.8,0.0,3
1648089955.810376,1648089932,71.328737167,-156.692526667,-0.8,0.0,3
1648089956.813054,1648089933,71.328737333,-156.692527,-0.8,0.0,3
1648089957.815972,1648089934,71.328737,-156.692526667,-0.8,0.0,3
1648089958.818042,1648089935,71.328737167,-156.6925265,-0.8,0.0,3
1648089959.819951,1648089936,71.328736167,-156.692528333,-1.0,0.0,3
1648089960.822090,1648089937,71.328736,-156.692527833,-1.0,0.0,3
1648089961.824202,1648089938,71.328736667,-156.692527167,-1.0,0.0,3
1648089962.726456,1648089939,71.328736866,-156.692526834,-1.791,307.116,3
1648089963.829001,1648089940,71.328736667,-156.692527667,-1.1,0.0,3
1648089964.731771,1648089941,71.328736833,-156.692527833,-1.2,0.0,3
1648089965.734599,1648089942,71.328736673,-156.692527898,-1.974,325.4796,3
1648089966.737165,1648089943,71.328736667,-156.692527833,-1.2,0.0,3
1648089967.739380,1648089944,71.328736667,-156.692527333,-1.2,0.0,3
1648089968.741572,1648089945,71.3287365,-156.692527,-1.1,0.0,3
1648089969.743780,1648089946,71.3287365,-156.692527,-1.1,0.0,3
1648089970.746095,1648089947,71.3287355,-156.692528,-1.1,0.0,3
1648089971.748456,1648089948,71.328735395,-156.692528313,-1.736,112.2028,3
1648089972.750987,1648089949,71.328735833,-156.692528667,-1.0,0.0,3
1648089973.753029,1648089950,71.328736444,-156.69252985,-1.702,344.5022,3
1648089974.855334,1648089951,71.328737,-156.692530167,-0.8,0.0,3
1648089975.757253,1648089952,71.328737571,-156.692530914,-1.449,0.0,3
1648089976.859443,1648089953,71.3287375,-156.6925305,-0.7,0.0,3
1648089977.861434,1648089954,71.328737833,-156.692530667,-0.7,0.0,3
1648089978.830496,1648089955,71.328738333,-156.692531167,-0.6,0.0,3
1648089979.832879,1648089956,71.328738333,-156.692530833,-0.6,0.0,3
1648089980.835401,1648089957,71.328738167,-156.692530167,-0.6,0.0,3
1648089981.837414,1648089958,71.328738,-156.692528667,-0.7,0.0,3
1648089982.839853,1648089959,71.328737833,-156.692527667,-0.7,0.0,3
1648089983.842730,1648089960,71.328738,-156.692527667,-0.8,0.0,3
1648089984.845110,1648089961,71.328738167,-156.692527667,-0.8,0.0,3
1648089985.847247,1648089962,71.328738167,-156.692527667,-0.8,0.0,3
1648089986.850188,1648089963,71.328738667,-156.6925285,-0.6,0.0,3
1648089987.852394,1648089964,71.328738667,-156.692529167,-0.6,0.0,3
1648089988.854462,1648089965,71.328738167,-156.692528667,-0.5,0.0,3
1648089989.856510,1648089966,71.328737667,-156.692528167,-0.5,0.0,3
1648089990.858512,1648089967,71.328737667,-156.692527667,-0.5,0.0,3
1648089991.860496,1648089968,71.328737667,-156.692527667,-0.5,0.0,3
1648089992.862532,1648089969,71.328737667,-156.692527,-0.5,0.0,3
1648089993.864674,1648089970,71.328737667,-156.692526833,-0.5,0.0,3
1648089994.866529,1648089971,71.328737667,-156.6925265,-0.5,0.0,3
1648089995.868611,1648089972,71.328737667,-156.692526667,-0.4,0.0,3
1648089996.835232,1648089973,71.3287375,-156.692527,-0.5,0.0,3
1648089997.837051,1648089974,71.328737833,-156.692527167,-0.5,0.0,3
1648089998.839043,1648089975,71.328738333,-156.692527167,-0.6,0.0,3
1648089999.841244,1648089976,71.328738333,-156.6925275,-0.6,0.0,3
1648090000.843365,1648089977,71.328738167,-156.6925265,-0.7,0.0,3
1648090001.845242,1648089978,71.328738333,-156.692527,-0.6,0.0,3
1648090002.847356,1648089979,71.328738333,-156.6925275,-0.5,0.0,3
1648090003.849494,1648089980,71.328738333,-156.692527167,-0.5,0.0,3
1648090004.851762,1648089981,71.3287385,-156.692527667,-0.4,0.0,3
1648090005.853928,1648089982,71.328738667,-156.6925285,-0.3,0.0,3
1648090006.856070,1648089983,71.3287385,-156.692528833,-0.2,0.0,3
1648090007.858244,1648089984,71.328738333,-156.692529333,-0.1,0.0,3
1648090008.860224,1648089985,71.328738,-156.6925295,-0.1,0.0,3
1648090009.862151,1648089986,71.328738,-156.692529667,0.0,0.0,3
1648090010.863997,1648089987,71.328738333,-156.69253,0.0,0.0,3
1648090011.865891,1648089988,71.328738167,-156.692529833,0.0,0.0,3
1648090012.767589,1648089989,71.328737938,-156.692529526,-0.819,194.1655,3
1648090013.769412,1648089990,71.328738131,-156.692529416,-0.784,27.6903,3
1648090014.771428,1648089991,71.328738011,-156.692529159,-0.811,73.8797,3
1648090015.773463,1648089992,71.328738167,-156.6925295,0.0,0.0,3
1648090016.775623,1648089993,71.3287385,-156.692529667,0.0,0.0,3
1648090017.777593,1648089994,71.3287385,-156.692529833,0.1,0.0,3
1648090018.779575,1648089995,71.328738333,-156.69253,0.0,0.0,3
1648090019.781582,1648089996,71.328738333,-156.692530333,0.1,0.0,3
1648090020.783618,1648089997,71.328738667,-156.692530833,0.1,0.0,3
1648090021.785556,1648089998,71.328738667,-156.692531167,0.1,0.0,3
1648090022.787631,1648089999,71.328738833,-156.692531333,0.1,0.0,3
1648090023.789617,1648090000,71.328739,-156.692530833,0.2,0.0,3
1648090024.791749,1648090001,71.328739167,-156.692531,0.1,0.0,3
1648090025.793833,1648090002,71.3287395,-156.692531333,0.2,0.0,3
1648090026.861926,1648090003,71.3287395,-156.692531333,0.2,0.0,3
1648090027.863810,1648090004,71.328739667,-156.692531167,0.2,0.0,3
1648090028.865800,1648090005,71.328739333,-156.692530833,0.1,0.0,3
1648090029.867760,1648090006,71.3287395,-156.692531,0.1,0.0,3
1648090030.769512,1648090007,71.328739754,-156.692530953,-0.56,282.8633,3
1648090031.871664,1648090008,71.328739833,-156.692531667,0.3,0.0,3
1648090032.773357,1648090009,71.32874,-156.692531333,0.3,0.0,3
1648090033.876077,1648090010,71.328740667,-156.6925325,0.2,0.0,3
1648090034.878169,1648090011,71.3287405,-156.692532667,0.1,0.0,3
1648090035.880223,1648090012,71.3287405,-156.6925325,0.1,0.0,3
1648090036.882324,1648090013,71.3287405,-156.692532833,0.1,0.0,3
1648090037.884688,1648090014,71.3287405,-156.692533333,0.1,0.0,3
1648090038.886667,1648090015,71.328740333,-156.692532833,0.1,0.0,3
1648090039.888673,1648090016,71.328740333,-156.692533,0.0,0.0,3
1648090040.890523,1648090017,71.328740667,-156.692532833,0.0,0.0,3
1648090041.892413,1648090018,71.328740667,-156.6925325,-0.1,0.0,3
1648090042.894258,1648090019,71.328740833,-156.692533,-0.1,0.0,3
1648090043.896161,1648090020,71.328740667,-156.692533333,0.0,0.0,3
1648090044.898140,1648090021,71.3287405,-156.692533833,-0.1,0.0,3
1648090045.901678,1648090022,71.328740167,-156.692533667,-0.2,0.0,3
1648090046.903686,1648090023,71.328740333,-156.692533333,-0.3,0.0,3
1648090047.905851,1648090024,71.3287405,-156.692533,-0.3,0.0,3
1648090048.907894,1648090025,71.3287405,-156.692533167,-0.3,0.0,3
1648090049.909860,1648090026,71.328740667,-156.692532833,-0.4,0.0,3
1648090050.911823,1648090027,71.328740833,-156.692533167,-0.5,0.0,3
1648090051.913854,1648090028,71.328740833,-156.692533167,-0.5,0.0,3
1648090052.916174,1648090029,71.328740833,-156.6925325,-0.5,0.0,3
1648090053.817921,1648090030,71.3287405,-156.6925315,-0.5,0.0,3
1648090054.819792,1648090031,71.328740629,-156.69253204,-1.173,343.1425,3
1648090055.821715,1648090032,71.328740773,-156.69253204,-1.126,137.8638,3
1648090056.823596,1648090033,71.328741167,-156.692531833,-0.3,0.0,3
1648090057.825434,1648090034,71.328741167,-156.6925325,-0.2,0.0,3
1648090058.863625,1648090035,71.328740833,-156.692532167,-0.2,0.0,3
1648090059.865660,1648090036,71.328740833,-156.692532,-0.2,0.0,3
1648090060.868319,1648090037,71.328741167,-156.692532833,-0.2,0.0,3
1648090061.870382,1648090038,71.328741167,-156.692532667,-0.2,0.0,3
1648090062.872418,1648090039,71.328741,-156.692531833,-0.2,0.0,3
1648090063.840627,1648090040,71.328741,-156.692531167,-0.2,0.0,3
1648090064.842682,1648090041,71.328740833,-156.692530667,-0.3,0.0,3
1648090065.844881,1648090042,71.328740833,-156.692530833,-0.3,0.0,3
1648090066.847181,1648090043,71.328741,-156.692531,-0.3,0.0,3
1648090067.849504,1648090044,71.328740833,-156.692531,-0.3,0.0,3
1648090068.851690,1648090045,71.328740667,-156.692531,-0.1,0.0,3
1648090069.853638,1648090046,71.328741,-156.692530667,-0.1,0.0,3
1648090070.855794,1648090047,71.328740833,-156.692530333,-0.1,0.0,3
1648090071.857914,1648090048,71.328741167,-156.6925305,-0.1,0.0,3
1648090072.860289,1648090049,71.328741167,-156.692530667,-0.1,0.0,3
1648090073.862473,1648090050,71.3287415,-156.69253,-0.1,0.0,3
1648090074.864589,1648090051,71.328741167,-156.692529,-0.1,0.0,3
1648090075.866789,1648090052,71.328741333,-156.692529833,-0.1,0.0,3
1648090076.868861,1648090053,71.3287415,-156.6925295,-0.1,0.0,3
1648090077.870750,1648090054,71.328741333,-156.692529167,-0.2,0.0,3
1648090078.872693,1648090055,71.328741333,-156.6925295,-0.2,0.0,3
1648090079.874486,1648090056,71.328741333,-156.692528667,-0.2,0.0,3
1648090080.876311,1648090057,71.328741167,-156.6925295,-0.2,0.0,3
1648090081.878182,1648090058,71.328741333,-156.69253,-0.2,0.0,3
1648090082.880338,1648090059,71.3287415,-156.69253,-0.2,0.0,3
1648090083.882359,1648090060,71.328741667,-156.692531,-0.1,0.0,3
1648090084.884433,1648090061,71.328741667,-156.6925315,-0.1,0.0,3
1648090085.886325,1648090062,71.3287415,-156.692531667,0.0,0.0,3
1648090086.888415,1648090063,71.3287415,-156.692531333,0.0,0.0,3
1648090087.890420,1648090064,71.328741,-156.692531,0.0,0.0,3
1648090088.892396,1648090065,71.328741,-156.692531167,0.1,0.0,3
1648090089.894426,1648090066,71.328740833,-156.692530833,0.1,0.0,3
1648090090.896385,1648090067,71.328741,-156.6925305,0.1,0.0,3
1648090091.899783,1648090068,71.328741167,-156.692531667,0.1,0.0,3
1648090092.901784,1648090069,71.328741167,-156.692533667,0.2,0.0,3
1648090093.903829,1648090070,71.3287415,-156.692534,0.2,0.0,3
1648090094.905977,1648090071,71.328741667,-156.692534,0.2,0.0,3
1648090095.908058,1648090072,71.328741667,-156.692534333,0.2,0.0,3
1648090096.910214,1648090073,71.328741667,-156.692534167,0.2,0.0,3
1648090097.878000,1648090074,71.3287415,-156.692534333,0.3,0.0,3
1648090098.880167,1648090075,71.328741667,-156.692535,0.3,0.0,3
1648090099.882163,1648090076,71.328741,-156.6925345,0.3,0.0,3
1648090100.884165,1648090077,71.328741333,-156.692536833,0.3,0.0,3
1648090101.886240,1648090078,71.328742333,-156.692541833,0.1,0.0,3
1648090102.888498,1648090079,71.328743667,-156.692542167,0.2,0.0,3
1648090103.890373,1648090080,71.328744333,-156.692543833,0.2,0.0,3
1648090104.892506,1648090081,71.328744333,-156.692543,0.1,0.0,3
1648090105.894507,1648090082,71.328744833,-156.692543,0.2,0.0,3
1648090106.896430,1648090083,71.328744833,-156.6925435,0.1,0.0,3
1648090107.898461,1648090084,71.328744833,-156.692544167,0.0,0.0,3
1648090108.900570,1648090085,71.328744667,-156.692544667,0.0,0.0,3
1648090109.902572,1648090086,71.328744833,-156.692545333,0.0,0.0,3
1648090110.904515,1648090087,71.328745,-156.692546667,0.0,0.0,3
1648090111.906401,1648090088,71.3287455,-156.692547667,0.0,0.0,3
1648090112.908371,1648090089,71.328745833,-156.692548167,0.1,0.0,3
1648090113.910448,1648090090,71.328746,-156.692549,0.2,0.0,3
1648090114.912515,1648090091,71.328746,-156.692548333,0.3,0.0,3
1648090115.914818,1648090092,71.328745667,-156.692548333,0.3,0.0,3
1648090116.916801,1648090093,71.328745667,-156.692549,0.4,0.0,3
1648090117.918711,1648090094,71.328745333,-156.692548667,0.3,0.0,3
1648090118.920636,1648090095,71.328744667,-156.692547167,0.4,0.0,3
1648090119.878619,1648090096,71.328744333,-156.6925465,0.4,0.0,3
1648090120.880733,1648090097,71.328744833,-156.692546833,0.5,0.0,3
1648090121.883045,1648090098,71.3287445,-156.692546,0.5,0.0,3
1648090122.885571,1648090099,71.328744167,-156.6925455,0.5,0.0,3
1648090123.887448,1648090100,71.328743833,-156.692545167,0.4,0.0,3
1648090124.889361,1648090101,71.3287435,-156.692544333,0.5,0.0,3
1648090125.891456,1648090102,71.328743167,-156.692544167,0.5,0.0,3
1648090126.893400,1648090103,71.328743,-156.692544167,0.5,0.0,3
1648090127.895319,1648090104,71.328742833,-156.692544333,0.5,0.0,3
1648090128.897303,1648090105,71.3287425,-156.692544667,0.6,0.0,3
1648090129.899334,1648090106,71.3287425,-156.692544833,0.7,0.0,3
1648090130.901214,1648090107,71.328742667,-156.692545167,0.7,0.0,3
1648090131.903184,1648090108,71.328742833,-156.6925455,0.8,0.0,3
1648090132.905028,1648090109,71.328743,-156.692545667,0.8,0.0,3
1648090133.906813,1648090110,71.328742833,-156.6925455,0.8,0.0,3
1648090134.908790,1648090111,71.328742667,-156.692546333,0.8,0.0,3
1648090135.910957,1648090112,71.328742333,-156.692546667,0.8,0.0,3
1648090136.912939,1648090113,71.328742167,-156.692546333,0.8,0.0,3
1648090137.915048,1648090114,71.328742167,-156.692546167,0.8,0.0,3
1648090138.917031,1648090115,71.328742333,-156.692545833,0.8,0.0,3
1648090139.919111,1648090116,71.328742333,-156.6925455,0.8,0.0,3
1648090140.921061,1648090117,71.3287425,-156.692545667,0.9,0.0,3
1648090141.923790,1648090118,71.3287425,-156.6925455,0.9,0.0,3
1648090142.925932,1648090119,71.328742333,-156.692545,0.9,0.0,3
1648090143.928162,1648090120,71.328742333,-156.692545167,0.8,0.0,3
1648090144.930244,1648090121,71.3287425,-156.6925455,0.9,0.0,3
1648090145.932979,1648090122,71.3287425,-156.692545667,0.9,0.0,3
1648090146.935103,1648090123,71.328742667,-156.692545667,0.9,0.0,3
1648090147.937460,1648090124,71.328742667,-156.692545333,0.9,0.0,3
1648090148.939979,1648090125,71.328742667,-156.692545667,0.9,0.0,3
1648090149.942107,1648090126,71.328743,-156.692545833,0.9,0.0,3
1648090150.944183,1648090127,71.328743167,-156.692546333,0.9,0.0,3
1648090151.912887,1648090128,71.328743333,-156.692546667,0.9,0.0,3
1648090152.915043,1648090129,71.328743167,-156.692546167,0.9,0.0,3
1648090153.917442,1648090130,71.328743167,-156.692545667,1.0,0.0,3
1648090154.919576,1648090131,71.328743,-156.6925455,1.0,0.0,3
1648090155.921861,1648090132,71.328742833,-156.692544667,1.0,0.0,3
1648090156.924040,1648090133,71.3287425,-156.692544,0.9,0.0,3
1648090157.926138,1648090134,71.3287425,-156.692543333,0.9,0.0,3
1648090158.928332,1648090135,71.3287425,-156.692543167,0.8,0.0,3
1648090159.930506,1648090136,71.3287425,-156.692542833,0.8,0.0,3
1648090160.932626,1648090137,71.328742667,-156.692542833,0.8,0.0,3
1648090161.934633,1648090138,71.328743,-156.6925425,0.8,0.0,3
1648090162.936686,1648090139,71.328743167,-156.692542833,0.9,0.0,3
1648090163.939111,1648090140,71.328743333,-156.692543167,1.0,0.0,3
1648090164.941446,1648090141,71.328743333,-156.692543333,1.1,0.0,3
1648090165.943779,1648090142,71.328743167,-156.692543167,1.1,0.0,3
1648090166.946015,1648090143,71.328743167,-156.692543167,1.2,0.0,3
1648090167.948289,1648090144,71.328743333,-156.692543333,1.2,0.0,3
1648090168.950675,1648090145,71.328743333,-156.692543333,1.2,0.0,3
1648090169.952669,1648090146,71.3287435,-156.692543667,1.2,0.0,3
1648090170.954853,1648090147,71.328743667,-156.692544167,1.2,0.0,3
1648090171.956913,1648090148,71.328743667,-156.6925445,1.2,0.0,3
1648090172.959092,1648090149,71.328743333,-156.6925445,1.3,0.0,3
1648090173.961233,1648090150,71.328743333,-156.6925445,1.2,0.0,3
1648090174.963480,1648090151,71.328743333,-156.692544833,1.3,0.0,3
1648090175.965593,1648090152,71.328743167,-156.692544833,1.2,0.0,3
1648090176.967684,1648090153,71.328743167,-156.692545,1.2,0.0,3
1648090177.969592,1648090154,71.328742833,-156.692544667,1.2,0.0,3
1648090178.971580,1648090155,71.328742667,-156.692545,1.3,0.0,3
1648090179.973660,1648090156,71.3287425,-156.692544833,1.3,0.0,3
1648090180.975748,1648090157,71.328742333,-156.692544833,1.4,0.0,3
1648090181.977928,1648090158,71.328742333,-156.692545167,1.4,0.0,3
1648090182.980128,1648090159,71.328742167,-156.692544667,1.4,0.0,3
1648090183.982259,1648090160,71.328742167,-156.692545,1.5,0.0,3
1648090184.984377,1648090161,71.328742,-156.6925455,1.5,0.0,3
1648090185.986350,1648090162,71.328742167,-156.692546,1.6,0.0,3
1648090186.988295,1648090163,71.328742167,-156.692546667,1.6,0.0,3
1648090187.990112,1648090164,71.328742333,-156.692546333,1.6,0.0,3
1648090188.991954,1648090165,71.328742667,-156.692546667,1.7,0.0,3
1648090189.993922,1648090166,71.328742833,-156.692547167,1.7,0.0,3
1648090190.995903,1648090167,71.328743,-156.692547333,1.8,0.0,3
1648090191.997985,1648090168,71.328743167,-156.692547333,1.8,0.0,3
1648090192.999946,1648090169,71.328743333,-156.692547833,1.8,0.0,3
1648090194.002060,1648090170,71.328743667,-156.692548333,1.9,0.0,3
1648090195.004285,1648090171,71.328743667,-156.692548667,2.0,0.0,3
1648090196.006568,1648090172,71.328744,-156.692549333,2.0,0.0,3
1648090197.008692,1648090173,71.328744167,-156.6925495,2.1,0.0,3
1648090198.010673,1648090174,71.328744333,-156.6925505,2.2,0.0,3
1648090198.912528,1648090175,71.328744614,-156.692551129,1.537,12.1971,3
1648090200.014893,1648090176,71.328744833,-156.692551333,2.4,0.0,3
1648090200.916684,1648090177,71.328745191,-156.692551935,1.621,18.3887,3
1648090201.918654,1648090178,71.328745833,-156.692552833,2.4,0.0,3
1648090202.921589,1648090179,71.328746167,-156.692553333,2.5,0.0,3
1648090203.923855,1648090180,71.3287465,-156.692554167,2.6,0.0,3
1648090204.926062,1648090181,71.328747,-156.6925545,2.6,0.0,3
1648090205.928195,1648090182,71.328747167,-156.692555,2.7,0.0,3
1648090206.996423,1648090183,71.3287475,-156.692555167,2.8,0.0,3
1648090207.998487,1648090184,71.3287485,-156.6925555,2.7,0.0,3
1648090209.000464,1648090185,71.328749333,-156.692556,2.7,0.0,3
1648090210.002519,1648090186,71.328750167,-156.6925565,2.7,0.0,3
1648090211.004595,1648090187,71.328751167,-156.692556833,2.7,0.0,3
1648090211.967638,1648090188,71.328751833,-156.692557,2.7,0.0,3
1648090212.969638,1648090189,71.328752167,-156.692556667,2.7,0.0,3
1648090213.971730,1648090190,71.328752833,-156.692557,2.7,0.0,3
1648090214.973752,1648090191,71.328753333,-156.6925565,2.8,0.0,3
1648090215.975724,1648090192,71.328753667,-156.692555667,2.8,0.0,3
1648090216.977645,1648090193,71.328753833,-156.692554667,2.8,0.0,3
1648090217.979580,1648090194,71.328753667,-156.6925535,2.8,0.0,3
1648090218.981504,1648090195,71.328753833,-156.692553167,2.8,0.0,3
1648090219.983451,1648090196,71.328753833,-156.692553,2.7,0.0,3
1648090220.985413,1648090197,71.328753833,-156.692553333,2.7,0.0,3
1648090221.987329,1648090198,71.328753667,-156.692554167,2.7,0.0,3
1648090222.989330,1648090199,71.328752833,-156.692555333,2.6,0.0,3
1648090223.991197,1648090200,71.328752667,-156.692555167,2.5,0.0,3
1648090224.993245,1648090201,71.328752333,-156.692555667,2.4,0.0,3
1648090225.995422,1648090202,71.328752833,-156.692555667,2.4,0.0,3
1648090226.997487,1648090203,71.328753,-156.692555333,2.4,0.0,3
1648090227.999951,1648090204,71.328753,-156.692554833,2.4,0.0,3
1648090229.002811,1648090205,71.3287535,-156.692555,2.5,0.0,3
1648090230.004844,1648090206,71.328754,-156.692555333,2.5,0.0,3
1648090231.006690,1648090207,71.328754,-156.6925555,2.6,0.0,3
1648090232.008509,1648090208,71.328754,-156.6925555,2.5,0.0,3
1648090233.010378,1648090209,71.328754333,-156.6925555,2.6,0.0,3
1648090234.012290,1648090210,71.3287545,-156.692555333,2.6,0.0,3
1648090235.014094,1648090211,71.328754667,-156.6925555,2.6,0.0,3
1648090236.016203,1648090212,71.328754333,-156.692555667,2.5,0.0,3
1648090237.018091,1648090213,71.328754167,-156.692555333,2.5,0.0,3
1648090237.985884,1648090214,71.328754333,-156.6925555,2.5,0.0,3
1648090238.987822,1648090215,71.328754333,-156.692555667,2.5,0.0,3
1648090239.989588,1648090216,71.328754333,-156.6925555,2.5,0.0,3
1648090240.991688,1648090217,71.328754667,-156.6925555,2.4,0.0,3
1648090241.993556,1648090218,71.328755,-156.692555333,2.5,0.0,3
1648090242.995530,1648090219,71.328755,-156.692555167,2.5,0.0,3
1648090243.997398,1648090220,71.328755,-156.692555167,2.4,0.0,3
1648090244.999302,1648090221,71.328755,-156.692555833,2.4,0.0,3
1648090246.001388,1648090222,71.328755167,-156.692555833,2.5,0.0,3
1648090247.003362,1648090223,71.3287555,-156.692555833,2.6,0.0,3
1648090248.005377,1648090224,71.328755833,-156.692555667,2.7,0.0,3
1648090249.007349,1648090225,71.328755833,-156.692555667,2.7,0.0,3
1648090250.009256,1648090226,71.328756167,-156.692556,2.7,0.0,3
1648090251.011269,1648090227,71.328756167,-156.692556333,2.7,0.0,3
1648090252.013335,1648090228,71.328755667,-156.692556667,2.5,0.0,3
1648090253.015288,1648090229,71.328755333,-156.692556833,2.4,0.0,3
1648090254.017244,1648090230,71.328755333,-156.6925565,2.5,0.0,3
1648090255.019364,1648090231,71.328755167,-156.692556333,2.5,0.0,3
1648090256.021653,1648090232,71.328755167,-156.692556,2.5,0.0,3
1648090257.023792,1648090233,71.328754833,-156.692555833,2.4,0.0,3
1648090258.025923,1648090234,71.328754333,-156.692555833,2.4,0.0,3
1648090259.028158,1648090235,71.328754,-156.692556,2.3,0.0,3
1648090260.031095,1648090236,71.328754333,-156.692555333,2.4,0.0,3
1648090261.033451,1648090237,71.3287535,-156.6925535,2.1,0.0,3
1648090262.035719,1648090238,71.328753167,-156.692552667,2.0,0.0,3
1648090263.038056,1648090239,71.328753333,-156.692553,1.9,0.0,3
1648090264.040279,1648090240,71.328752833,-156.6925525,1.9,0.0,3
1648090265.043296,1648090241,71.328752167,-156.692551833,1.8,0.0,3
1648090266.045565,1648090242,71.328752333,-156.692551833,1.8,0.0,3
1648090267.047710,1648090243,71.328752667,-156.692552167,1.8,0.0,3
1648090268.049867,1648090244,71.328752667,-156.692552167,1.7,0.0,3
1648090269.051859,1648090245,71.328752333,-156.692551667,1.7,0.0,3
1648090270.054579,1648090246,71.328752,-156.692550833,1.7,0.0,3
1648090271.056715,1648090247,71.3287525,-156.692550667,1.8,0.0,3
1648090272.058639,1648090248,71.328752333,-156.692550167,1.8,0.0,3
1648090273.060589,1648090249,71.3287525,-156.69255,1.9,0.0,3
1648090274.062509,1648090250,71.328752333,-156.692549833,1.9,0.0,3
1648090275.064393,1648090251,71.328751833,-156.6925495,1.9,0.0,3
1648090276.066402,1648090252,71.328752,-156.692549333,1.9,0.0,3
1648090277.068277,1648090253,71.328752,-156.692549,1.9,0.0,3
1648090278.070165,1648090254,71.328751333,-156.692548333,1.8,0.0,3
1648090278.971959,1648090255,71.328751,-156.692548167,1.7,0.0,3
1648090279.974244,1648090256,71.328750833,-156.692548833,1.7,0.0,3
1648090280.976208,1648090257,71.328750667,-156.692549,1.7,0.0,3
1648090281.978293,1648090258,71.3287505,-156.6925485,1.7,0.0,3
1648090282.980329,1648090259,71.328750333,-156.692547167,1.7,0.0,3
1648090284.048842,1648090260,71.328750333,-156.692546667,1.7,0.0,3
1648090285.050822,1648090261,71.32875,-156.692546667,1.6,0.0,3
1648090286.052934,1648090262,71.32875,-156.692545667,1.6,0.0,3
1648090287.054870,1648090263,71.328750333,-156.692545333,1.6,0.0,3
1648090288.056882,1648090264,71.32875,-156.692545333,1.6,0.0,3
1648090289.058973,1648090265,71.328749667,-156.692544833,1.6,0.0,3
1648090290.060828,1648090266,71.328749167,-156.6925455,1.5,0.0,3
1648090291.062792,1648090267,71.328749333,-156.692545833,1.6,0.0,3
1648090292.065051,1648090268,71.3287495,-156.692545833,1.8,0.0,3
1648090293.067152,1648090269,71.328749833,-156.692545667,1.8,0.0,3
1648090294.069454,1648090270,71.328749833,-156.692545833,1.8,0.0,3
1648090295.071471,1648090271,71.328749667,-156.692545833,1.8,0.0,3
1648090296.073710,1648090272,71.328749667,-156.692545667,1.8,0.0,3
1648090297.075650,1648090273,71.328749667,-156.6925455,1.8,0.0,3
1648090298.077604,1648090274,71.328749667,-156.692545333,1.7,0.0,3
1648090299.079468,1648090275,71.328749833,-156.692545833,1.7,0.0,3
1648090300.081346,1648090276,71.328750167,-156.6925465,1.8,0.0,3
1648090301.083435,1648090277,71.328750167,-156.692547,1.8,0.0,3
1648090302.085586,1648090278,71.328750167,-156.6925465,1.8,0.0,3
1648090303.087568,1648090279,71.328752167,-156.692547,2.2,0.0,3
1648090304.089515,1648090280,71.328753,-156.692548333,2.4,0.0,3
1648090305.091708,1648090281,71.3287525,-156.692547,2.3,0.0,3
1648090306.093582,1648090282,71.328753667,-156.692547167,2.6,0.0,3
1648090307.095518,1648090283,71.328753667,-156.692546667,2.7,0.0,3
1648090308.097451,1648090284,71.328755833,-156.6925475,2.9,0.0,3
1648090309.099541,1648090285,71.3287575,-156.692547833,3.1,0.0,3
1648090310.101704,1648090286,71.328757667,-156.692548833,3.1,0.0,3
1648090311.103726,1648090287,71.328756833,-156.692548,3.1,0.0,3
1648090312.105525,1648090288,71.328755833,-156.692548333,2.9,0.0,3
1648090313.107404,1648090289,71.328755167,-156.6925495,2.8,0.0,3
1648090314.109352,1648090290,71.328755,-156.692550167,2.8,0.0,3
1648090315.111306,1648090291,71.328754833,-156.692550333,2.8,0.0,3
1648090316.113310,1648090292,71.328754333,-156.692550167,2.7,0.0,3
1648090317.115411,1648090293,71.328753667,-156.69255,2.7,0.0,3
1648090318.117432,1648090294,71.328753833,-156.692549833,2.8,0.0,3
1648090319.119405,1648090295,71.328754,-156.692550167,2.9,0.0,3
1648090320.121445,1648090296,71.3287545,-156.692549667,2.9,0.0,3
1648090321.123238,1648090297,71.328752833,-156.6925515,2.8,0.0,3
1648090322.125041,1648090298,71.328752,-156.692553333,2.6,0.0,3
1648090323.127013,1648090299,71.328751833,-156.692552667,2.6,0.0,3
1648090324.128812,1648090300,71.328751333,-156.6925535,2.5,0.0,3
1648090325.130655,1648090301,71.328750833,-156.692554833,2.7,0.0,3
1648090326.132581,1648090302,71.3287505,-156.692555,2.6,0.0,3
1648090327.134713,1648090303,71.328751,-156.692556167,2.7,0.0,3
1648090328.136709,1648090304,71.328751667,-156.692557667,2.7,0.0,3
1648090329.138648,1648090305,71.328751833,-156.692558333,2.7,0.0,3
1648090330.040358,1648090306,71.328752167,-156.692558667,2.7,0.0,3
1648090331.042619,1648090307,71.328752333,-156.692558167,2.7,0.0,3
1648090332.044902,1648090308,71.328752295,-156.692557962,1.976,180.0,3
1648090333.047166,1648090309,71.328752333,-156.692558167,2.8,0.0,3
1648090334.049048,1648090310,71.328752,-156.692558167,2.7,0.0,3
1648090335.050954,1648090311,71.328751833,-156.6925585,2.7,0.0,3
1648090336.052915,1648090312,71.328751667,-156.692558667,2.7,0.0,3
1648090337.054905,1648090313,71.328751333,-156.692558667,2.7,0.0,3
1648090338.057333,1648090314,71.328751167,-156.692558667,2.6,0.0,3
1648090339.059498,1648090315,71.328751,-156.692558333,2.7,0.0,3
1648090340.061530,1648090316,71.328751,-156.6925585,2.7,0.0,3
1648090341.063704,1648090317,71.328751,-156.692558,2.7,0.0,3
1648090342.065724,1648090318,71.3287505,-156.6925575,2.6,0.0,3
1648090343.067990,1648090319,71.328750667,-156.692557333,2.7,0.0,3
1648090344.070099,1648090320,71.3287505,-156.692557167,2.7,0.0,3
1648090345.072643,1648090321,71.3287505,-156.692557333,2.7,0.0,3
1648090346.074981,1648090322,71.3287505,-156.692556667,2.7,0.0,3
1648090347.077204,1648090323,71.3287505,-156.6925565,2.7,0.0,3
1648090348.079260,1648090324,71.328750833,-156.692556,2.7,0.0,3
1648090349.081333,1648090325,71.328751833,-156.692556,2.9,0.0,3
1648090350.123164,1648090326,71.328752333,-156.692555333,2.9,0.0,3
1648090351.125042,1648090327,71.328752667,-156.692554333,2.9,0.0,3
1648090352.126963,1648090328,71.328752833,-156.692554333,2.8,0.0,3
1648090353.128885,1648090329,71.3287525,-156.692553833,2.8,0.0,3
1648090354.130849,1648090330,71.3287525,-156.692553167,2.8,0.0,3
1648090355.132687,1648090331,71.328752167,-156.692552667,2.8,0.0,3
1648090356.134568,1648090332,71.328752,-156.692552167,2.7,0.0,3
1648090357.136478,1648090333,71.328751833,-156.692552167,2.7,0.0,3
1648090358.138672,1648090334,71.328751833,-156.692552333,2.8,0.0,3
1648090359.142604,1648090335,71.328751167,-156.692551167,2.8,0.0,3
1648090360.144683,1648090336,71.328751,-156.692550667,2.7,0.0,3
1648090361.146743,1648090337,71.328751167,-156.692550833,2.7,0.0,3
1648090362.148690,1648090338,71.328750833,-156.692550667,2.7,0.0,3
1648090363.150622,1648090339,71.328750667,-156.692550167,2.6,0.0,3
1648090364.118893,1648090340,71.328750333,-156.69255,2.6,0.0,3
1648090365.120878,1648090341,71.32875,-156.69255,2.6,0.0,3
1648090366.122968,1648090342,71.328749833,-156.692550333,2.6,0.0,3
1648090367.124901,1648090343,71.3287495,-156.692551,2.6,0.0,3
1648090368.127117,1648090344,71.328749,-156.692550667,2.6,0.0,3
1648090369.129282,1648090345,71.328749,-156.6925505,2.6,0.0,3
1648090370.131370,1648090346,71.328748833,-156.692550333,2.5,0.0,3
1648090371.133599,1648090347,71.328748667,-156.692550167,2.6,0.0,3
1648090372.135580,1648090348,71.328749167,-156.692549,2.7,0.0,3
1648090373.137512,1648090349,71.328748667,-156.692546167,2.4,0.0,3
1648090374.139717,1648090350,71.328749167,-156.692547,2.4,0.0,3
1648090375.107720,1648090351,71.328749333,-156.692547167,2.4,0.0,3
1648090376.109620,1648090352,71.328749333,-156.692547167,2.4,0.0,3
1648090377.111626,1648090353,71.328749333,-156.692546833,2.4,0.0,3
1648090378.113439,1648090354,71.3287495,-156.6925465,2.4,0.0,3
1648090379.115488,1648090355,71.328749667,-156.692546,2.4,0.0,3
1648090380.117534,1648090356,71.3287495,-156.692545667,2.4,0.0,3
1648090381.119574,1648090357,71.3287495,-156.692545667,2.3,0.0,3
1648090382.121690,1648090358,71.328749167,-156.6925455,2.3,0.0,3
1648090383.123594,1648090359,71.328749167,-156.6925455,2.2,0.0,3
1648090384.125407,1648090360,71.328749,-156.692545333,2.2,0.0,3
1648090385.127277,1648090361,71.328747833,-156.69254,2.4,0.0,3
1648090386.129303,1648090362,71.328748667,-156.692540167,2.3,0.0,3
1648090387.131259,1648090363,71.328748833,-156.692540833,2.5,0.0,3
1648090388.133343,1648090364,71.328749333,-156.692542833,2.5,0.0,3
1648090389.135530,1648090365,71.328749167,-156.692543333,2.5,0.0,3
1648090390.137456,1648090366,71.328749,-156.6925435,2.5,0.0,3
1648090391.139588,1648090367,71.328748667,-156.692543167,2.5,0.0,3
1648090392.141713,1648090368,71.328748833,-156.692543333,2.5,0.0,3
1648090393.143936,1648090369,71.328749167,-156.692543,2.4,0.0,3
1648090394.146194,1648090370,71.328748833,-156.692542667,2.3,0.0,3
1648090395.148386,1648090371,71.328749,-156.692542667,2.3,0.0,3
1648090396.150384,1648090372,71.328749,-156.692542833,2.3,0.0,3
1648090397.152564,1648090373,71.328749,-156.692542333,2.3,0.0,3
1648090398.154883,1648090374,71.328749333,-156.6925425,2.5,0.0,3
1648090399.157084,1648090375,71.328749333,-156.692542,2.4,0.0,3
1648090400.159187,1648090376,71.3287475,-156.692541,2.5,0.0,3
1648090401.161507,1648090377,71.328747667,-156.692541667,2.6,0.0,3
1648090402.164112,1648090378,71.328747167,-156.692540667,2.4,0.0,3
1648090403.132541,1648090379,71.3287475,-156.692539667,2.1,0.0,3
1648090404.134736,1648090380,71.3287475,-156.692539,2.1,0.0,3
1648090405.136892,1648090381,71.3287475,-156.692537667,2.0,0.0,3
1648090406.138809,1648090382,71.328747333,-156.6925375,2.0,0.0,3
1648090407.141286,1648090383,71.3287465,-156.692537667,1.8,0.0,3
1648090408.143516,1648090384,71.328745667,-156.692538,1.7,0.0,3
1648090409.145832,1648090385,71.328745333,-156.692539,1.6,0.0,3
1648090410.148226,1648090386,71.3287455,-156.692538833,1.6,0.0,3
1648090411.150484,1648090387,71.328745833,-156.692539833,1.7,0.0,3
1648090412.152739,1648090388,71.328746167,-156.692541,1.6,0.0,3
1648090413.155057,1648090389,71.328747,-156.692542167,1.6,0.0,3
1648090414.157234,1648090390,71.328747833,-156.6925425,1.7,0.0,3
1648090415.159547,1648090391,71.328748,-156.692542667,1.7,0.0,3
1648090416.161967,1648090392,71.3287485,-156.692543167,1.7,0.0,3
1648090417.164234,1648090393,71.328748333,-156.692543333,1.7,0.0,3
1648090418.166464,1648090394,71.328748333,-156.692543,1.7,0.0,3
1648090419.134370,1648090395,71.328748333,-156.692542833,1.8,0.0,3
1648090420.136446,1648090396,71.328748333,-156.692542,1.9,0.0,3
1648090421.138825,1648090397,71.328748167,-156.692541333,2.1,0.0,3
1648090422.140906,1648090398,71.328747833,-156.692541333,2.1,0.0,3
1648090423.143921,1648090399,71.328747667,-156.692541667,2.1,0.0,3
1648090424.146783,1648090400,71.328747667,-156.692541833,2.2,0.0,3
1648090425.148995,1648090401,71.328747833,-156.692541667,2.2,0.0,3
1648090426.151167,1648090402,71.328747667,-156.692541167,2.3,0.0,3
1648090427.153305,1648090403,71.3287475,-156.692540667,2.3,0.0,3
1648090428.155777,1648090404,71.328747167,-156.6925405,2.4,0.0,3
1648090429.158069,1648090405,71.328747333,-156.69254,2.5,0.0,3
1648090430.160315,1648090406,71.328747333,-156.692539167,2.6,0.0,3
1648090431.162387,1648090407,71.3287475,-156.692538833,2.7,0.0,3
1648090432.166049,1648090408,71.3287475,-156.692538833,2.7,0.0,3
1648090433.168309,1648090409,71.328747333,-156.692538333,2.7,0.0,3
1648090434.170472,1648090410,71.328747,-156.692537833,2.7,0.0,3
1648090435.172391,1648090411,71.328747,-156.692537,2.6,0.0,3
1648090436.174187,1648090412,71.328746667,-156.692536667,2.6,0.0,3
1648090437.141555,1648090413,71.328746667,-156.692536,2.6,0.0,3
1648090438.143491,1648090414,71.328747,-156.692536333,2.5,0.0,3
1648090439.145411,1648090415,71.328747333,-156.692536667,2.5,0.0,3
1648090440.147583,1648090416,71.328747167,-156.692536667,2.5,0.0,3
1648090441.150066,1648090417,71.328747,-156.6925365,2.4,0.0,3
1648090442.152161,1648090418,71.328747,-156.692536333,2.4,0.0,3
1648090443.154167,1648090419,71.328746833,-156.692536667,2.4,0.0,3
1648090444.157018,1648090420,71.328746833,-156.692537333,2.4,0.0,3
1648090445.159135,1648090421,71.328746667,-156.692538167,2.3,0.0,3
1648090446.160951,1648090422,71.328746833,-156.692538667,2.2,0.0,3
1648090447.162764,1648090423,71.328747,-156.692539,2.2,0.0,3
1648090448.164711,1648090424,71.328747,-156.692539167,2.2,0.0,3
1648090449.166893,1648090425,71.328747167,-156.6925395,2.2,0.0,3
1648090450.168933,1648090426,71.328747333,-156.6925395,2.3,0.0,3
1648090451.170876,1648090427,71.328747,-156.6925395,2.2,0.0,3
1648090452.172910,1648090428,71.328747167,-156.6925395,2.3,0.0,3
1648090453.175079,1648090429,71.328747167,-156.69254,2.3,0.0,3
1648090454.177235,1648090430,71.328746833,-156.69254,2.3,0.0,3
1648090455.179292,1648090431,71.328747,-156.69254,2.4,0.0,3
1648090456.181252,1648090432,71.328747333,-156.6925405,2.4,0.0,3
1648090457.183233,1648090433,71.328747667,-156.692540833,2.4,0.0,3
1648090458.185348,1648090434,71.3287475,-156.692541167,2.4,0.0,3
1648090459.187353,1648090435,71.328747833,-156.692541333,2.5,0.0,3
1648090460.189648,1648090436,71.328748333,-156.692541667,2.6,0.0,3
1648090461.191604,1648090437,71.328748,-156.692542,2.5,0.0,3
1648090462.193573,1648090438,71.328748,-156.692541667,2.5,0.0,3
1648090463.195697,1648090439,71.328748,-156.692541,2.4,0.0,3
1648090464.197794,1648090440,71.328748,-156.6925405,2.4,0.0,3
1648090465.199894,1648090441,71.328748,-156.692540667,2.4,0.0,3
1648090466.201927,1648090442,71.328748,-156.692540667,2.5,0.0,3
1648090467.203849,1648090443,71.3287485,-156.692541333,2.5,0.0,3
1648090468.205899,1648090444,71.328748333,-156.692541833,2.6,0.0,3
1648090469.207977,1648090445,71.328748,-156.692541167,2.6,0.0,3
1648090470.209904,1648090446,71.328747333,-156.692541167,2.5,0.0,3
1648090471.211938,1648090447,71.328747333,-156.6925415,2.4,0.0,3
1648090472.213887,1648090448,71.328747667,-156.692541833,2.5,0.0,3
1648090473.215662,1648090449,71.3287475,-156.692542167,2.4,0.0,3
1648090474.217609,1648090450,71.328746667,-156.692541333,2.3,0.0,3
1648090475.219649,1648090451,71.3287465,-156.692541167,2.4,0.0,3
1648090476.221840,1648090452,71.3287465,-156.692541,2.4,0.0,3
1648090477.224021,1648090453,71.328746333,-156.692541,2.3,0.0,3
1648090478.226171,1648090454,71.328746167,-156.692541167,2.3,0.0,3
1648090479.228187,1648090455,71.3287465,-156.692541667,2.3,0.0,3
1648090480.230278,1648090456,71.328746667,-156.692542,2.3,0.0,3
1648090481.232320,1648090457,71.328746333,-156.692541333,2.2,0.0,3
1648090482.234465,1648090458,71.328745833,-156.692540833,2.2,0.0,3
1648090483.236689,1648090459,71.328745833,-156.692540667,2.2,0.0,3
1648090484.238864,1648090460,71.328745833,-156.6925405,2.2,0.0,3
1648090485.240929,1648090461,71.328745333,-156.69254,2.0,0.0,3
1648090486.245060,1648090462,71.328745,-156.692539167,2.0,0.0,3
1648090487.148801,1648090463,71.328745167,-156.6925395,2.0,0.0,3
1648090488.151238,1648090464,71.328745346,-156.692539954,1.33,292.2028,3
1648090489.153496,1648090465,71.328745333,-156.69254,2.1,0.0,3
1648090490.156039,1648090466,71.328745833,-156.692540167,2.2,0.0,3
1648090491.158522,1648090467,71.328745667,-156.692539667,2.2,0.0,3
1648090492.160699,1648090468,71.328745,-156.692539667,2.2,0.0,3
1648090493.163022,1648090469,71.328745,-156.692539667,2.3,0.0,3
1648090494.165441,1648090470,71.328744833,-156.692540167,2.3,0.0,3
1648090495.168766,1648090471,71.328744333,-156.692540167,2.2,0.0,3
1648090496.170923,1648090472,71.328743333,-156.692539833,1.9,0.0,3
1648090497.173652,1648090473,71.328740167,-156.6925345,1.8,0.0,3
1648090498.175566,1648090474,71.328739667,-156.692532833,1.6,0.0,3
1648090499.178082,1648090475,71.328739,-156.692531667,1.6,0.0,3
1648090500.180064,1648090476,71.328738333,-156.6925325,1.6,0.0,3
1648090501.181977,1648090477,71.328737667,-156.6925325,1.6,0.0,3
1648090502.183960,1648090478,71.3287375,-156.692532667,1.5,0.0,3
1648090503.185980,1648090479,71.328737167,-156.692533333,1.5,0.0,3
1648090504.188157,1648090480,71.328737,-156.692533167,1.4,0.0,3
1648090505.190160,1648090481,71.3287365,-156.6925325,1.3,0.0,3
1648090506.192870,1648090482,71.328736,-156.692531167,1.3,0.0,3
1648090507.195239,1648090483,71.328735667,-156.692530333,1.2,0.0,3
1648090508.197264,1648090484,71.3287355,-156.692529167,1.1,0.0,3
1648090509.199276,1648090485,71.328734833,-156.692527667,1.0,0.0,3
1648090510.201201,1648090486,71.328734667,-156.692527333,0.9,0.0,3
1648090511.203337,1648090487,71.328734833,-156.692527667,0.9,0.0,3
1648090512.257832,1648090488,71.328735,-156.692528667,1.0,0.0,3
1648090513.261501,1648090489,71.328734833,-156.692528667,1.0,0.0,3
1648090514.263534,1648090490,71.328734833,-156.692528167,0.9,0.0,3
1648090515.265654,1648090491,71.328734833,-156.692528167,0.9,0.0,3
1648090516.267867,1648090492,71.3287345,-156.6925285,1.0,0.0,3
1648090517.271334,1648090493,71.328734667,-156.6925285,1.0,0.0,3
1648090518.273481,1648090494,71.328734333,-156.692528333,1.0,0.0,3
1648090519.275524,1648090495,71.328733833,-156.6925275,1.0,0.0,3
1648090520.278299,1648090496,71.328733333,-156.6925265,0.9,0.0,3
1648090521.280390,1648090497,71.328733167,-156.692526,0.9,0.0,3
1648090522.282502,1648090498,71.328733,-156.692525667,0.9,0.0,3
1648090523.284738,1648090499,71.328732833,-156.692525667,0.8,0.0,3
1648090524.286829,1648090500,71.3287325,-156.692525833,0.8,0.0,3
1648090525.288711,1648090501,71.328732333,-156.692526333,0.8,0.0,3
1648090526.190460,1648090502,71.328732333,-156.692527,0.9,0.0,3
1648090527.192547,1648090503,71.328732167,-156.692527333,0.8,0.0,3
1648090528.194544,1648090504,71.328732167,-156.692527333,0.8,0.0,3
1648090529.196523,1648090505,71.328732167,-156.692527333,0.8,0.0,3
1648090530.198502,1648090506,71.328731833,-156.692527333,0.7,0.0,3
1648090531.200406,1648090507,71.328731667,-156.6925275,0.6,0.0,3
1648090532.202387,1648090508,71.328731333,-156.6925275,0.5,0.0,3
1648090533.271805,1648090509,71.328731167,-156.692527333,0.4,0.0,3
1648090534.273783,1648090510,71.328731,-156.692527333,0.3,0.0,3
1648090535.275996,1648090511,71.328730833,-156.692528,0.2,0.0,3
1648090536.278088,1648090512,71.3287305,-156.692528167,0.1,0.0,3
1648090537.280584,1648090513,71.328730167,-156.692529167,0.0,0.0,3
1648090538.225784,1648090514,71.32873,-156.692531,0.0,0.0,3
1648090539.227720,1648090515,71.328729333,-156.692530833,-0.1,0.0,3
1648090540.229751,1648090516,71.328729167,-156.692531,-0.2,0.0,3
1648090541.231837,1648090517,71.328729167,-156.692531,-0.2,0.0,3
1648090542.233805,1648090518,71.328729,-156.692531333,-0.3,0.0,3
1648090543.235889,1648090519,71.328728833,-156.692532,-0.3,0.0,3
1648090544.237851,1648090520,71.328729167,-156.692532333,-0.3,0.0,3
1648090545.240259,1648090521,71.3287295,-156.692533667,-0.2,0.0,3
1648090546.242180,1648090522,71.328729667,-156.6925355,-0.2,0.0,3
1648090547.244261,1648090523,71.328729833,-156.692536667,-0.2,0.0,3
1648090548.246338,1648090524,71.328730167,-156.692538167,-0.2,0.0,3
1648090549.248533,1648090525,71.3287305,-156.692539,-0.2,0.0,3
1648090550.250658,1648090526,71.328731,-156.692539667,-0.2,0.0,3
1648090551.252714,1648090527,71.328731167,-156.692540167,-0.3,0.0,3
1648090552.255136,1648090528,71.3287315,-156.692539333,-0.3,0.0,3
1648090553.257247,1648090529,71.328731833,-156.692539,-0.4,0.0,3
1648090554.259344,1648090530,71.328732167,-156.692538833,-0.4,0.0,3
1648090555.261415,1648090531,71.328732167,-156.692537833,-0.3,0.0,3
1648090556.263723,1648090532,71.328732333,-156.6925375,-0.3,0.0,3
1648090557.265805,1648090533,71.328733,-156.692537833,-0.2,0.0,3
1648090558.267736,1648090534,71.328733,-156.692537667,-0.2,0.0,3
1648090559.269831,1648090535,71.328733333,-156.6925385,-0.1,0.0,3
1648090560.271827,1648090536,71.328733333,-156.692538333,-0.1,0.0,3
1648090561.275490,1648090537,71.328733167,-156.692537833,-0.2,0.0,3
1648090562.277628,1648090538,71.328733167,-156.6925375,-0.2,0.0,3
1648090563.279737,1648090539,71.328733167,-156.692537333,-0.2,0.0,3
1648090564.281808,1648090540,71.3287335,-156.692537333,-0.2,0.0,3
1648090565.283905,1648090541,71.3287335,-156.692537667,-0.2,0.0,3
1648090566.285778,1648090542,71.328733333,-156.692537667,-0.2,0.0,3
1648090567.287639,1648090543,71.328733167,-156.692537333,-0.2,0.0,3
1648090568.289666,1648090544,71.328733333,-156.692537,-0.3,0.0,3
1648090569.291809,1648090545,71.328733833,-156.692537,-0.3,0.0,3
1648090570.293683,1648090546,71.328734,-156.6925375,-0.4,0.0,3
1648090571.295681,1648090547,71.328734,-156.692537833,-0.5,0.0,3
1648090572.297689,1648090548,71.328734,-156.692537833,-0.5,0.0,3
1648090573.275974,1648090549,71.328733833,-156.692537,-0.5,0.0,3
1648090574.277864,1648090550,71.328733333,-156.692536,-0.6,0.0,3
1648090575.279872,1648090551,71.328732833,-156.692534667,-0.6,0.0,3
1648090576.281852,1648090552,71.328732333,-156.6925335,-0.7,0.0,3
1648090577.283815,1648090553,71.328732167,-156.692533167,-0.7,0.0,3
1648090578.285782,1648090554,71.328732167,-156.692532667,-0.7,0.0,3
1648090579.287773,1648090555,71.328731833,-156.6925325,-0.7,0.0,3
1648090580.289863,1648090556,71.328731833,-156.692532833,-0.8,0.0,3
1648090581.291804,1648090557,71.328732,-156.692533,-0.8,0.0,3
1648090582.293833,1648090558,71.328731667,-156.692532833,-0.8,0.0,3
1648090583.295719,1648090559,71.3287315,-156.692533167,-0.8,0.0,3
1648090584.297662,1648090560,71.3287315,-156.692533333,-0.8,0.0,3
1648090585.299664,1648090561,71.3287315,-156.692533167,-0.8,0.0,3
1648090586.301712,1648090562,71.328731667,-156.692533167,-0.8,0.0,3
1648090587.303684,1648090563,71.328731833,-156.692533833,-0.8,0.0,3
1648090588.305521,1648090564,71.328732,-156.692534833,-0.8,0.0,3
1648090589.307633,1648090565,71.328732167,-156.692536,-0.8,0.0,3
1648090590.309610,1648090566,71.328732333,-156.692536833,-0.7,0.0,3
1648090591.311630,1648090567,71.3287325,-156.692537,-0.7,0.0,3
1648090592.313576,1648090568,71.328732667,-156.6925375,-0.7,0.0,3
1648090593.315682,1648090569,71.328732667,-156.6925375,-0.8,0.0,3
1648090594.317953,1648090570,71.328732667,-156.692537167,-0.7,0.0,3
1648090595.320091,1648090571,71.328732833,-156.692537,-0.7,0.0,3
1648090596.321886,1648090572,71.328732667,-156.6925365,-0.7,0.0,3
1648090597.323880,1648090573,71.328733,-156.6925365,-0.8,0.0,3
1648090598.326022,1648090574,71.328733333,-156.692536667,-0.7,0.0,3
1648090599.328362,1648090575,71.3287335,-156.692537,-0.7,0.0,3
1648090600.330226,1648090576,71.328733667,-156.692536833,-0.7,0.0,3
1648090601.332135,1648090577,71.328734,-156.692536667,-0.6,0.0,3
1648090602.334208,1648090578,71.328734,-156.692536667,-0.6,0.0,3
1648090603.336255,1648090579,71.328733667,-156.692536333,-0.7,0.0,3
1648090604.338640,1648090580,71.328734333,-156.6925365,-0.7,0.0,3
1648090605.340686,1648090581,71.3287345,-156.692536333,-0.7,0.0,3
1648090606.343372,1648090582,71.328735,-156.692535833,-0.7,0.0,3
1648090607.345728,1648090583,71.3287355,-156.692535333,-0.6,0.0,3
1648090608.347827,1648090584,71.328736167,-156.692535,-0.6,0.0,3
1648090609.349867,1648090585,71.328736167,-156.692534667,-0.6,0.0,3
1648090610.352008,1648090586,71.328736333,-156.692535667,-0.7,0.0,3
1648090611.253799,1648090587,71.328736727,-156.692535768,-1.417,120.8642,3
1648090612.255838,1648090588,71.328736892,-156.692535471,-1.518,163.3576,3
1648090613.257799,1648090589,71.328736905,-156.69253525,-1.571,180.0,3
1648090614.360500,1648090590,71.328736833,-156.692535167,-0.9,0.0,3
1648090615.262668,1648090591,71.328736833,-156.692534833,-0.9,0.0,3
1648090616.265154,1648090592,71.328736833,-156.6925345,-0.9,0.0,3
1648090617.268648,1648090593,71.328736833,-156.6925345,-0.9,0.0,3
1648090618.270883,1648090594,71.328736833,-156.692534333,-0.9,0.0,3
1648090619.273038,1648090595,71.328736833,-156.692534,-0.8,0.0,3
1648090620.275271,1648090596,71.328736833,-156.692534,-0.8,0.0,3
1648090621.277489,1648090597,71.328736833,-156.6925335,-0.8,0.0,3
1648090622.279715,1648090598,71.328736667,-156.692532833,-0.9,0.0,3
1648090623.281603,1648090599,71.328736667,-156.692532833,-0.9,0.0,3
1648090624.283977,1648090600,71.328736333,-156.692533,-0.9,0.0,3
1648090625.286058,1648090601,71.3287365,-156.692533167,-0.9,0.0,3
1648090626.288163,1648090602,71.3287365,-156.692533333,-1.0,0.0,3
1648090627.290188,1648090603,71.328735833,-156.692533667,-1.2,0.0,3
1648090628.292453,1648090604,71.328735833,-156.692534667,-1.2,0.0,3
1648090629.294908,1648090605,71.328735833,-156.692534833,-1.2,0.0,3
1648090630.297217,1648090606,71.328736333,-156.692535333,-1.1,0.0,3
1648090631.299235,1648090607,71.328736,-156.692534667,-1.2,0.0,3
1648090632.301426,1648090608,71.328735833,-156.692534167,-1.3,0.0,3
1648090633.303517,1648090609,71.328736167,-156.692534,-1.3,0.0,3
1648090634.306050,1648090610,71.328736333,-156.692533833,-1.2,0.0,3
1648090635.308668,1648090611,71.3287365,-156.692533667,-1.2,0.0,3
1648090636.310840,1648090612,71.3287365,-156.692534167,-1.2,0.0,3
1648090637.273550,1648090613,71.328736167,-156.692534,-1.2,0.0,3
1648090638.275579,1648090614,71.328736152,-156.692534953,-1.976,161.5305,3
1648090639.277746,1648090615,71.3287365,-156.692534667,-1.1,0.0,3
1648090640.279901,1648090616,71.328736667,-156.692535333,-1.1,0.0,3
1648090641.282231,1648090617,71.328736833,-156.692535667,-1.0,0.0,3
1648090642.284380,1648090618,71.328737167,-156.692535333,-1.0,0.0,3
1648090643.286436,1648090619,71.328740333,-156.692535333,-0.8,0.0,3
1648090644.355906,1648090620,71.328740167,-156.692535,-0.7,0.0,3
1648090645.359111,1648090621,71.328740833,-156.692533667,-0.7,0.0,3
1648090646.362319,1648090622,71.328741167,-156.692534333,-0.5,0.0,3
1648090647.364716,1648090623,71.328740833,-156.692534833,-0.5,0.0,3
1648090648.367016,1648090624,71.328741667,-156.692535333,-0.3,0.0,3
1648090649.370926,1648090625,71.3287425,-156.692536667,-0.1,0.0,3
1648090650.374638,1648090626,71.328743,-156.692538167,0.1,0.0,3
1648090651.376817,1648090627,71.328743,-156.692540333,0.2,0.0,3
1648090652.378870,1648090628,71.328742833,-156.692541667,0.2,0.0,3
1648090653.380977,1648090629,71.328742167,-156.692540667,0.0,0.0,3
1648090654.382998,1648090630,71.328742,-156.692541167,0.0,0.0,3
1648090655.285199,1648090631,71.328741848,-156.692542215,-0.818,141.9928,3
1648090656.387459,1648090632,71.3287425,-156.692542333,0.1,0.0,3
1648090657.289276,1648090633,71.3287425,-156.692541833,0.1,0.0,3
1648090658.291388,1648090634,71.3287425,-156.6925415,0.1,0.0,3
1648090659.293422,1648090635,71.328742833,-156.692540333,0.2,0.0,3
1648090660.295400,1648090636,71.328743,-156.692539333,0.3,0.0,3
1648090661.297425,1648090637,71.328742667,-156.692537833,0.2,0.0,3
1648090662.299465,1648090638,71.328742333,-156.692536167,0.0,0.0,3
1648090663.367723,1648090639,71.328742167,-156.692535,0.0,0.0,3
1648090664.369732,1648090640,71.328742333,-156.692534,0.0,0.0,3
1648090665.371847,1648090641,71.328742833,-156.692533667,0.0,0.0,3
1648090666.373937,1648090642,71.328743167,-156.692533167,0.0,0.0,3
1648090667.375993,1648090643,71.3287435,-156.692532833,0.1,0.0,3
1648090668.378159,1648090644,71.328743667,-156.692531667,0.1,0.0,3
1648090669.380424,1648090645,71.3287435,-156.6925315,0.2,0.0,3
1648090670.382597,1648090646,71.328743333,-156.692531833,0.2,0.0,3
1648090671.384611,1648090647,71.3287435,-156.692531333,0.2,0.0,3
1648090672.386626,1648090648,71.328743167,-156.692531,0.2,0.0,3
1648090673.388534,1648090649,71.328742667,-156.692530333,0.2,0.0,3
1648090674.390546,1648090650,71.328742333,-156.692530167,0.1,0.0,3
1648090675.392360,1648090651,71.328741833,-156.692530167,0.2,0.0,3
1648090676.394540,1648090652,71.328741667,-156.692530333,0.2,0.0,3
1648090677.396514,1648090653,71.328741667,-156.692530667,0.2,0.0,3
1648090678.398739,1648090654,71.328741667,-156.692530667,0.2,0.0,3
1648090679.400691,1648090655,71.328741333,-156.692530333,0.1,0.0,3
1648090680.402892,1648090656,71.328741167,-156.692530167,0.1,0.0,3
1648090681.405034,1648090657,71.328740833,-156.692530667,0.1,0.0,3
1648090682.407228,1648090658,71.328740167,-156.692530667,0.1,0.0,3
1648090683.409524,1648090659,71.328739833,-156.692531167,0.2,0.0,3
1648090684.411612,1648090660,71.328739833,-156.6925315,0.2,0.0,3
1648090685.413610,1648090661,71.32874,-156.692532,0.3,0.0,3
1648090686.415617,1648090662,71.32874,-156.692532833,0.3,0.0,3
1648090687.417693,1648090663,71.32874,-156.692533333,0.3,0.0,3
1648090688.419754,1648090664,71.328740333,-156.692533167,0.3,0.0,3
1648090689.421856,1648090665,71.3287405,-156.692533,0.3,0.0,3
